f_fuel,f_blanket,f_graphite,k_het,sigma_k_het,k_homog,sigma_k_homog,delta_k,sigma_delta_k,delta_pcm,sigma_pcm,error
0.0733,0.0320,0.8947,1.21776,0.00036,1.15567,0.00046,0.06209,0.00059,6209,59,
0.0733,0.0640,0.8627,0.90698,0.00036,0.81347,0.00032,0.09352,0.00048,9352,48,
0.0733,0.1152,0.8115,0.64532,0.00032,0.54322,0.00029,0.10210,0.00043,10210,43,
0.1222,0.0320,0.8458,1.42398,0.00045,1.35759,0.00049,0.06639,0.00066,6639,66,
0.1222,0.0640,0.8138,1.13167,0.00042,1.02683,0.00044,0.10484,0.00060,10484,60,
0.1222,0.1152,0.7626,0.85489,0.00035,0.73195,0.00032,0.12294,0.00047,12294,47,
0.1832,0.0320,0.7848,1.55419,0.00047,1.48471,0.00046,0.06948,0.00065,6948,65,
0.1832,0.0640,0.7528,1.29109,0.00043,1.17809,0.00045,0.11300,0.00062,11300,62,
0.1832,0.1152,0.7016,1.02200,0.00045,0.88318,0.00042,0.13882,0.00061,13882,61,
